time,phase,fleet,rps,ingest_desired,ingest_running,dispatch_desired,dispatch_running,queue_visible,matched,unmatched
2026-09-26T10:23:58.968Z,A1,15,0,1,1,1,1,0,62,93
2026-09-26T10:24:17.740Z,A1,15,0,1,1,1,1,0,62,93
2026-09-26T10:24:37.010Z,A1,15,0,1,1,1,1,0,62,93
2026-09-26T10:24:55.688Z,A1,15,0,1,1,1,1,0,62,93
2026-09-26T10:25:14.414Z,A1,15,0,1,1,1,1,0,62,93
2026-09-26T10:25:33.134Z,A1,15,0,1,1,1,1,0,62,93
2026-09-26T10:25:51.839Z,A1,15,0,1,1,1,1,0,62,93
2026-09-26T10:26:09.048Z,A1,15,0,1,1,1,1,0,62,93
2026-09-26T10:26:27.766Z,A1,15,0,1,1,1,1,0,62,93
2026-09-26T10:26:46.367Z,A1,15,0,1,1,1,1,0,62,93
2026-09-26T10:27:05.149Z,A1,15,0,1,1,1,1,0,62,93
2026-09-26T10:27:23.950Z,A1,15,0,1,1,1,1,0,62,93
2026-09-26T10:27:42.637Z,A1,15,0,1,1,1,1,0,62,93
2026-09-26T10:28:01.214Z,A1,15,0,1,1,1,1,0,62,93
2026-09-26T10:28:19.812Z,A1,15,0,1,1,1,1,0,62,93
2026-09-26T10:28:38.510Z,A1,15,0,1,1,1,1,0,62,93
2026-09-26T10:28:58.081Z,A1,15,0,1,1,1,1,0,62,93
2026-09-26T10:29:16.916Z,A2,35,0,1,1,1,1,0,62,93
2026-09-26T10:29:35.836Z,A2,35,0,1,1,1,1,0,62,93
2026-09-26T10:29:54.530Z,A2,35,0,1,1,1,1,0,62,93
2026-09-26T10:30:13.221Z,A2,35,0,1,1,1,1,0,62,93
2026-09-26T10:30:32.045Z,A2,35,0,1,1,1,1,0,62,93
2026-09-26T10:30:50.840Z,A2,35,0,1,1,1,1,0,62,93
2026-09-26T10:31:09.924Z,A2,35,0,1,1,1,1,0,62,93
2026-09-26T10:31:28.567Z,A2,35,0,1,1,1,1,0,62,93
2026-09-26T10:31:47.879Z,A2,35,0,1,1,1,1,0,62,93
2026-09-26T10:32:06.648Z,A2,35,0,1,1,1,1,0,62,93
2026-09-26T10:32:25.663Z,A2,35,0,1,1,1,1,0,62,93
2026-09-26T10:32:44.640Z,A2,35,0,2,1,1,1,0,62,93
2026-09-26T10:33:03.258Z,A2,35,0,2,2,1,1,0,62,93
2026-09-26T10:33:21.906Z,A2,35,0,2,2,1,1,0,62,93
2026-09-26T10:33:40.602Z,A2,35,0,2,2,1,1,0,62,93
2026-09-26T10:33:59.320Z,A2,35,0,2,2,1,1,0,62,93
2026-09-26T10:34:18.219Z,A2,35,0,2,2,1,1,0,62,93
2026-09-26T10:34:36.784Z,A2,35,0,2,2,1,1,0,62,93
2026-09-26T10:34:55.504Z,A2,35,0,2,2,1,1,0,62,93
2026-09-26T10:35:14.059Z,A2,35,0,2,2,1,1,0,62,93
2026-09-26T10:35:32.792Z,A3,55,0,2,2,1,1,0,62,93
2026-09-26T10:35:51.472Z,A3,55,0,2,2,1,1,0,62,93
2026-09-26T10:36:11.454Z,A3,55,0,2,2,1,1,0,62,93
2026-09-26T10:36:30.225Z,A3,55,0,2,2,1,1,0,62,93
2026-09-26T10:36:48.848Z,A3,55,0,2,2,1,1,0,62,93
2026-09-26T10:37:07.619Z,A3,55,0,2,2,1,1,0,62,93
2026-09-26T10:37:26.572Z,A3,55,0,2,2,1,1,0,62,93
2026-09-26T10:37:46.001Z,A3,55,0,2,2,1,1,0,62,93
2026-09-26T10:38:04.668Z,A3,55,0,2,2,1,1,0,62,93
2026-09-26T10:38:24.531Z,A3,55,0,2,2,1,1,0,62,93
2026-09-26T10:38:43.023Z,A3,55,0,2,2,1,1,0,62,93
2026-09-26T10:39:01.590Z,A3,55,0,2,2,1,1,0,62,93
2026-09-26T10:39:20.300Z,A3,55,0,2,2,1,1,0,62,93
2026-09-26T10:39:39.133Z,A3,55,0,3,2,1,1,0,62,93
2026-09-26T10:39:57.695Z,A3,55,0,3,3,1,1,0,62,93
2026-09-26T10:40:16.302Z,A3,55,0,3,3,1,1,0,62,93
2026-09-26T10:40:34.852Z,A3,55,0,3,3,1,1,0,62,93
2026-09-26T10:40:55.005Z,A3,55,0,3,3,1,1,0,62,93
2026-09-26T10:41:13.639Z,A3,55,0,3,3,1,1,0,62,93
2026-09-26T10:41:32.438Z,A3,55,0,3,3,1,1,0,62,93
2026-09-26T10:41:51.301Z,A3,55,0,3,3,1,1,0,62,93
2026-09-26T10:42:09.893Z,A3,55,0,3,3,1,1,0,62,93
2026-09-26T10:42:28.675Z,A3,55,0,3,3,1,1,0,62,93
2026-09-26T10:42:47.370Z,B,15,10,3,3,1,1,0,66,93
2026-09-26T10:43:06.093Z,B,15,10,3,3,1,1,59,113,164
2026-09-26T10:43:24.678Z,B,15,10,3,3,1,1,127,141,244
2026-09-26T10:43:43.408Z,B,15,10,3,3,1,1,170,153,380
2026-09-26T10:44:02.160Z,B,15,10,3,3,1,1,203,163,519
2026-09-26T10:44:20.985Z,B,15,10,3,3,1,1,256,170,664
2026-09-26T10:44:39.794Z,B,15,10,3,3,1,1,276,182,798
2026-09-26T10:44:58.662Z,B,15,10,3,3,1,1,330,191,940
2026-09-26T10:45:17.713Z,B,15,10,3,3,1,1,355,201,1081
2026-09-26T10:45:37.364Z,B,15,10,3,3,1,1,365,212,1227
2026-09-26T10:45:55.895Z,B,15,10,3,3,1,1,435,219,1367
2026-09-26T10:46:15.902Z,B,15,10,3,3,1,1,485,229,1515
2026-09-26T10:46:34.739Z,B,15,10,3,3,1,1,505,240,1648
2026-09-26T10:46:53.366Z,B,15,10,3,3,1,1,555,249,1789
2026-09-26T10:47:12.104Z,B,15,10,3,3,1,1,605,262,1917
2026-09-26T10:47:30.824Z,B,15,10,3,3,1,1,635,275,2042
2026-09-26T10:47:49.504Z,B,15,10,3,3,1,1,675,284,2178
2026-09-26T10:48:08.222Z,B,15,10,3,3,4,1,725,294,2310
2026-09-26T10:48:27.046Z,B,15,10,3,3,4,1,775,303,2446
2026-09-26T10:48:46.171Z,B,15,10,3,3,4,4,459,2,126
2026-09-26T10:49:04.933Z,B,15,10,3,3,4,4,54,6,264
2026-09-26T10:49:23.668Z,B,15,10,3,3,4,4,0,6,334
2026-09-26T10:49:42.568Z,B,15,10,3,3,4,4,0,9,378
2026-09-26T10:50:01.214Z,C,15,0,3,3,4,4,0,312,2837
2026-09-26T10:50:20.008Z,C,15,0,3,3,4,4,0,15,385
2026-09-26T10:50:38.705Z,C,15,0,3,3,4,4,0,312,2837
2026-09-26T10:50:57.243Z,C,15,0,3,3,4,4,0,11,392
2026-09-26T10:51:15.940Z,C,15,0,3,3,4,4,0,10,393
2026-09-26T10:51:34.602Z,C,15,0,3,3,4,4,0,10,393
2026-09-26T10:51:53.257Z,C,15,0,3,3,4,4,0,312,2837
2026-09-26T10:52:12.142Z,C,15,0,3,3,4,4,0,11,392
2026-09-26T10:52:30.861Z,C,15,0,3,3,4,4,0,15,385
2026-09-26T10:52:49.638Z,C,15,0,3,3,4,4,0,10,393
2026-09-26T10:53:08.325Z,C,15,0,3,3,4,4,0,11,392
2026-09-26T10:53:27.076Z,C,15,0,3,3,4,4,0,15,385
2026-09-26T10:53:45.868Z,C,15,0,3,3,4,4,0,312,2837
2026-09-26T10:54:04.659Z,C,15,0,3,3,4,4,0,15,385
2026-09-26T10:54:23.372Z,C,15,0,3,3,4,4,0,11,392
2026-09-26T10:54:41.967Z,C,15,0,3,3,4,4,0,11,392
2026-09-26T10:55:00.555Z,C,15,0,3,3,4,4,0,10,393
2026-09-26T10:55:19.152Z,C,15,0,3,3,4,4,0,15,385
2026-09-26T10:55:37.701Z,C,15,0,3,3,4,4,0,312,2837
2026-09-26T10:55:56.257Z,C,15,0,3,3,4,4,0,11,392
2026-09-26T10:56:15.082Z,C,15,0,3,3,4,4,0,10,393
2026-09-26T10:56:33.666Z,C,15,0,3,3,4,4,0,15,385
2026-09-26T10:56:52.471Z,C,15,0,3,3,4,4,0,312,2837
2026-09-26T10:57:11.021Z,C,15,0,3,3,4,4,0,10,393
2026-09-26T10:57:29.831Z,C,15,0,3,3,4,4,0,312,2837
2026-09-26T10:57:48.819Z,C,15,0,2,2,4,4,0,11,392
2026-09-26T10:58:07.608Z,C,15,0,2,2,4,4,0,10,393
2026-09-26T10:58:26.335Z,C,15,0,2,2,4,4,0,312,2837
2026-09-26T10:58:45.793Z,C,15,0,2,2,4,4,0,15,385
2026-09-26T10:59:04.476Z,C,15,0,2,2,4,4,0,11,392
2026-09-26T10:59:23.413Z,C,15,0,2,2,4,4,0,15,385
2026-09-26T10:59:42.289Z,C,15,0,1,1,4,4,0,10,393
2026-09-26T11:00:00.920Z,C,15,0,1,1,4,4,0,11,392
2026-09-26T11:00:19.592Z,C,15,0,1,1,4,4,0,10,393
2026-09-26T11:00:38.394Z,C,15,0,1,1,4,4,0,312,2837
2026-09-26T11:00:57.357Z,C,15,0,1,1,4,4,0,15,385
2026-09-26T11:01:16.726Z,C,15,0,1,1,4,4,0,11,392
2026-09-26T11:01:35.965Z,C,15,0,1,1,4,4,0,10,393
2026-09-26T11:01:55.015Z,C,15,0,1,1,4,4,0,312,2837
2026-09-26T11:02:13.901Z,C,15,0,1,1,4,4,0,10,393
2026-09-26T11:02:32.514Z,C,15,0,1,1,4,4,0,11,392
2026-09-26T11:02:51.365Z,C,15,0,1,1,4,4,0,15,385
2026-09-26T11:03:09.999Z,C,15,0,1,1,4,4,0,312,2837
2026-09-26T11:03:28.546Z,C,15,0,1,1,4,4,0,10,393
2026-09-26T11:03:47.438Z,C,15,0,1,1,4,4,0,312,2837
2026-09-26T11:04:06.181Z,C,15,0,1,1,4,4,0,312,2837
2026-09-26T11:04:25.033Z,C,15,0,1,1,4,4,0,15,385
2026-09-26T11:04:43.695Z,C,15,0,1,1,4,4,0,11,392
2026-09-26T11:05:02.318Z,C,15,0,1,1,4,4,0,15,385
2026-09-26T11:05:20.894Z,C,15,0,1,1,4,4,0,10,393
2026-09-26T11:05:39.521Z,C,15,0,1,1,4,4,0,312,2837
2026-09-26T11:05:58.321Z,C,15,0,1,1,4,4,0,11,392
2026-09-26T11:06:17.730Z,C,15,0,1,1,4,4,0,10,393
2026-09-26T11:06:36.489Z,C,15,0,1,1,4,4,0,15,385
2026-09-26T11:06:55.337Z,C,15,0,1,1,3,3,0,11,392
2026-09-26T11:07:14.228Z,C,15,0,1,1,3,3,0,15,385
2026-09-26T11:07:33.024Z,C,15,0,1,1,3,3,0,15,385
2026-09-26T11:07:51.870Z,C,15,0,1,1,3,3,0,11,392
2026-09-26T11:08:10.717Z,C,15,0,1,1,3,3,0,11,392
2026-09-26T11:08:29.595Z,C,15,0,1,1,3,3,0,11,392
2026-09-26T11:08:49.278Z,C,15,0,1,1,2,3,0,10,393
2026-09-26T11:09:07.886Z,C,15,0,1,1,2,2,0,11,392
2026-09-26T11:09:26.689Z,C,15,0,1,1,2,2,0,15,385
2026-09-26T11:09:46.525Z,C,15,0,1,1,2,2,0,15,385
