replicas,t,queueDepth,matchP95ms
4,0,0,10
4,1,0,10
4,2,0,11
4,3,0,12
4,4,0,12
4,5,78,12
4,6,50,12
4,7,123,12
4,8,133,12
4,9,183,12
4,10,193,12
4,11,163,12
4,12,143,12
4,13,73,12
4,14,14,12
4,15,0,12
4,16,1,12
4,17,31,12
4,18,0,12
4,19,0,12
4,20,85,12
4,21,145,12
4,22,165,12
4,23,205,12
4,24,115,12
4,25,50,12
4,26,0,12
4,27,0,12
4,28,0,12
4,29,0,12
1,0,0,12
1,1,0,12
1,2,9,12
1,3,9,12
1,4,9,12
1,5,9,12
1,6,183,12
1,7,418,12
1,8,626,12
1,9,787,12
1,10,907,12
1,11,1018,12
1,12,1156,12
1,13,1279,12
1,14,1409,12
1,15,1539,12
1,16,1653,12
1,17,1778,12
1,18,1897,12
1,19,1970,12
1,20,2149,12
1,21,2268,12
1,22,2389,12
1,23,2509,12
1,24,2639,12
1,25,2759,12
1,26,2899,12
1,27,2799,12
1,28,2719,12
1,29,2619,12
