t,queueDepth,enqueued,matched,event
0,0,17840,330,
1,0,17840,330,
2,81,18040,370,
3,71,18240,407,
4,6,18440,407,
5,32,18640,407,
6,14,18840,407,
7,14,19040,407,
8,75,19240,407,KILL consumer
9,115,19440,407,
10,185,19655,407,
11,225,19892,407,
12,295,20122,407,
13,375,20440,407,
14,425,20553,407,
15,505,20840,407,
16,585,20918,407,
17,715,21240,407,
18,815,21440,407,
19,895,21640,407,
20,975,21840,407,
21,1065,21840,407,
22,885,21840,407,
23,735,21840,407,
24,585,21840,407,
25,435,21840,407,
26,275,21840,407,
27,125,21840,407,
28,0,21840,407,
29,0,21840,407,
30,0,21840,407,
31,0,21840,407,
32,0,21840,407,
33,0,21840,407,
34,0,21840,407,
