time,cycle,arm,seg,rps,t_in_cycle_s,dispatch_desired,dispatch_running,dispatch_min,queue_visible
2026-09-27T01:55:06.532Z,0,reactive,low1,2,0,1,1,1,0
2026-09-27T01:55:21.151Z,0,reactive,low1,2,15,1,1,1,0
2026-09-27T01:55:35.821Z,0,reactive,low1,2,30,1,1,1,0
2026-09-27T01:55:50.415Z,0,reactive,low1,2,44,1,1,1,0
2026-09-27T01:56:05.178Z,0,reactive,low1,2,59,1,1,1,0
2026-09-27T01:56:19.910Z,0,reactive,low1,2,74,1,1,1,0
2026-09-27T01:56:35.365Z,0,reactive,low1,2,88,1,1,1,0
2026-09-27T01:56:50.136Z,0,reactive,low1,2,104,1,1,1,0
2026-09-27T01:57:04.713Z,0,reactive,low1,2,119,1,1,1,0
2026-09-27T01:57:09.228Z,0,reactive,peak,15,123,1,1,1,0
2026-09-27T01:57:23.991Z,0,reactive,peak,15,138,1,1,1,94
2026-09-27T01:57:39.232Z,0,reactive,peak,15,152,1,1,1,192
2026-09-27T01:57:54.120Z,0,reactive,peak,15,168,1,1,1,324
2026-09-27T01:58:08.898Z,0,reactive,peak,15,183,1,1,1,429
2026-09-27T01:58:23.561Z,0,reactive,peak,15,197,1,1,1,474
2026-09-27T01:58:38.257Z,0,reactive,peak,15,212,1,1,1,614
2026-09-27T01:58:52.647Z,0,reactive,peak,15,227,1,1,1,754
2026-09-27T01:59:07.279Z,0,reactive,peak,15,241,1,1,1,804
2026-09-27T01:59:21.759Z,0,reactive,peak,15,256,1,1,1,979
2026-09-27T01:59:36.296Z,0,reactive,peak,15,270,1,1,1,1084
2026-09-27T01:59:50.770Z,0,reactive,peak,15,285,1,1,1,1114
2026-09-27T02:00:05.283Z,0,reactive,peak,15,299,1,1,1,1288
2026-09-27T02:00:19.789Z,0,reactive,peak,15,314,1,1,1,1329
2026-09-27T02:00:35.530Z,0,reactive,peak,15,328,1,1,1,1394
2026-09-27T02:00:50.050Z,0,reactive,peak,15,344,1,1,1,1483
2026-09-27T02:01:04.679Z,0,reactive,peak,15,358,1,1,1,1709
2026-09-27T02:01:19.229Z,0,reactive,peak,15,373,1,1,1,1754
2026-09-27T02:01:33.684Z,0,reactive,peak,15,388,1,1,1,1849
2026-09-27T02:01:48.278Z,0,reactive,peak,15,402,1,1,1,1909
2026-09-27T02:02:02.741Z,0,reactive,peak,15,417,1,1,1,2084
2026-09-27T02:02:07.261Z,0,reactive,low2,2,421,1,1,1,2124
2026-09-27T02:02:21.750Z,0,reactive,low2,2,436,1,1,1,2069
2026-09-27T02:02:36.185Z,0,reactive,low2,2,450,1,1,1,1955
2026-09-27T02:02:50.704Z,0,reactive,low2,2,465,1,1,1,1897
2026-09-27T02:03:05.256Z,0,reactive,low2,2,479,4,1,1,1777
2026-09-27T02:03:19.730Z,0,reactive,low2,2,494,4,1,1,1703
2026-09-27T02:03:34.241Z,0,reactive,low2,2,508,4,1,1,1547
2026-09-27T02:03:49.042Z,0,reactive,low2,2,523,4,4,1,1001
2026-09-27T02:04:03.754Z,0,reactive,low2,2,537,4,4,1,713
2026-09-27T02:04:18.819Z,0,reactive,low2,2,552,4,4,1,170
2026-09-27T02:04:33.541Z,0,reactive,low2,2,567,4,4,1,0
2026-09-27T02:04:48.199Z,0,reactive,low2,2,582,4,4,1,0
2026-09-27T02:05:02.869Z,0,reactive,low2,2,597,4,4,1,0
2026-09-27T02:05:17.482Z,0,reactive,low2,2,611,4,4,1,0
2026-09-27T02:05:32.002Z,0,reactive,low2,2,626,4,4,1,0
2026-09-27T02:05:46.555Z,0,reactive,low2,2,640,4,4,1,0
2026-09-27T02:06:01.189Z,0,reactive,low2,2,655,4,4,1,0
2026-09-27T02:06:15.668Z,0,reactive,low2,2,670,4,4,1,0
2026-09-27T02:06:30.183Z,0,reactive,low2,2,684,4,4,1,0
2026-09-27T02:06:44.937Z,0,reactive,low2,2,699,4,4,1,0
2026-09-27T02:06:59.519Z,0,reactive,low2,2,713,4,4,1,0
2026-09-27T02:07:13.293Z,1,hybrid,low1,2,7,1,4,3,0
2026-09-27T02:07:27.940Z,1,hybrid,low1,2,22,3,3,3,0
2026-09-27T02:07:42.459Z,1,hybrid,low1,2,36,3,3,3,0
2026-09-27T02:07:57.122Z,1,hybrid,low1,2,51,3,3,3,0
2026-09-27T02:08:11.892Z,1,hybrid,low1,2,66,3,3,3,0
2026-09-27T02:08:26.601Z,1,hybrid,low1,2,80,3,3,3,0
2026-09-27T02:08:41.197Z,1,hybrid,low1,2,95,3,3,3,0
2026-09-27T02:08:55.804Z,1,hybrid,low1,2,110,3,3,3,0
2026-09-27T02:09:06.390Z,1,hybrid,peak,15,120,3,3,3,0
2026-09-27T02:09:21.239Z,1,hybrid,peak,15,135,3,3,3,0
2026-09-27T02:09:35.897Z,1,hybrid,peak,15,150,3,3,3,0
2026-09-27T02:09:50.611Z,1,hybrid,peak,15,164,3,3,3,0
2026-09-27T02:10:05.461Z,1,hybrid,peak,15,179,3,3,3,0
2026-09-27T02:10:20.454Z,1,hybrid,peak,15,194,3,3,3,0
2026-09-27T02:10:35.222Z,1,hybrid,peak,15,209,3,3,3,1
2026-09-27T02:10:49.747Z,1,hybrid,peak,15,224,3,3,3,0
2026-09-27T02:11:04.299Z,1,hybrid,peak,15,238,3,3,3,0
2026-09-27T02:11:19.057Z,1,hybrid,peak,15,253,3,3,3,0
2026-09-27T02:11:33.633Z,1,hybrid,peak,15,267,3,3,3,0
2026-09-27T02:11:48.165Z,1,hybrid,peak,15,282,3,3,3,0
2026-09-27T02:12:02.957Z,1,hybrid,peak,15,297,3,3,3,0
2026-09-27T02:12:20.552Z,1,hybrid,peak,15,311,3,3,3,0
2026-09-27T02:12:35.396Z,1,hybrid,peak,15,329,3,3,3,0
2026-09-27T02:12:50.097Z,1,hybrid,peak,15,344,3,3,3,0
2026-09-27T02:13:04.587Z,1,hybrid,peak,15,359,3,3,3,0
2026-09-27T02:13:19.391Z,1,hybrid,peak,15,373,3,3,3,0
2026-09-27T02:13:34.091Z,1,hybrid,peak,15,388,3,3,3,0
2026-09-27T02:13:48.570Z,1,hybrid,peak,15,403,3,3,3,0
2026-09-27T02:14:03.048Z,1,hybrid,peak,15,417,3,3,3,0
2026-09-27T02:14:07.691Z,1,hybrid,low2,2,421,3,3,3,0
2026-09-27T02:14:22.235Z,1,hybrid,low2,2,436,3,3,1,0
2026-09-27T02:14:36.750Z,1,hybrid,low2,2,451,3,3,1,0
2026-09-27T02:14:51.223Z,1,hybrid,low2,2,465,3,3,1,0
2026-09-27T02:15:06.333Z,1,hybrid,low2,2,480,3,3,1,0
2026-09-27T02:15:21.457Z,1,hybrid,low2,2,495,3,3,1,0
2026-09-27T02:15:36.626Z,1,hybrid,low2,2,510,3,3,1,0
2026-09-27T02:15:51.504Z,1,hybrid,low2,2,525,3,3,1,0
2026-09-27T02:16:06.060Z,1,hybrid,low2,2,540,3,3,1,0
2026-09-27T02:16:20.504Z,1,hybrid,low2,2,554,3,3,1,0
2026-09-27T02:16:35.179Z,1,hybrid,low2,2,569,3,3,1,0
2026-09-27T02:16:49.816Z,1,hybrid,low2,2,584,3,3,1,0
2026-09-27T02:17:04.384Z,1,hybrid,low2,2,598,3,3,1,0
2026-09-27T02:17:18.918Z,1,hybrid,low2,2,613,3,3,1,0
2026-09-27T02:17:33.364Z,1,hybrid,low2,2,627,3,3,1,0
2026-09-27T02:17:47.842Z,1,hybrid,low2,2,642,3,3,1,0
2026-09-27T02:18:02.359Z,1,hybrid,low2,2,656,3,3,1,0
2026-09-27T02:18:16.974Z,1,hybrid,low2,2,671,3,3,1,0
2026-09-27T02:18:31.478Z,1,hybrid,low2,2,685,3,3,1,0
2026-09-27T02:18:46.589Z,1,hybrid,low2,2,700,3,3,1,0
2026-09-27T02:19:01.213Z,1,hybrid,low2,2,715,3,3,1,0
2026-09-27T02:19:11.550Z,2,reactive,low1,2,5,1,3,1,0
2026-09-27T02:19:26.063Z,2,reactive,low1,2,20,1,1,1,0
2026-09-27T02:19:40.876Z,2,reactive,low1,2,34,1,1,1,0
2026-09-27T02:19:55.531Z,2,reactive,low1,2,49,1,1,1,0
2026-09-27T02:20:09.996Z,2,reactive,low1,2,64,1,1,1,0
2026-09-27T02:20:24.540Z,2,reactive,low1,2,78,1,1,1,0
2026-09-27T02:20:39.473Z,2,reactive,low1,2,93,1,1,1,0
2026-09-27T02:20:53.993Z,2,reactive,low1,2,108,1,1,1,0
2026-09-27T02:21:06.208Z,2,reactive,peak,15,120,1,1,1,0
2026-09-27T02:21:20.812Z,2,reactive,peak,15,135,1,1,1,0
2026-09-27T02:21:35.417Z,2,reactive,peak,15,149,1,1,1,160
2026-09-27T02:21:50.201Z,2,reactive,peak,15,164,1,1,1,265
2026-09-27T02:22:04.710Z,2,reactive,peak,15,179,1,1,1,370
2026-09-27T02:22:19.553Z,2,reactive,peak,15,193,1,1,1,500
2026-09-27T02:22:34.626Z,2,reactive,peak,15,208,1,1,1,595
2026-09-27T02:22:49.439Z,2,reactive,peak,15,223,1,1,1,670
2026-09-27T02:23:04.837Z,2,reactive,peak,15,238,1,1,1,810
2026-09-27T02:23:19.642Z,2,reactive,peak,15,253,1,1,1,705
2026-09-27T02:23:34.666Z,2,reactive,peak,15,268,1,1,1,1025
2026-09-27T02:23:49.593Z,2,reactive,peak,15,283,1,1,1,1115
2026-09-27T02:24:04.239Z,2,reactive,peak,15,298,1,1,1,1225
2026-09-27T02:24:18.788Z,2,reactive,peak,15,313,1,1,1,1270
2026-09-27T02:24:33.301Z,2,reactive,peak,15,327,1,1,1,1415
2026-09-27T02:24:47.748Z,2,reactive,peak,15,342,1,1,1,1500
2026-09-27T02:25:02.373Z,2,reactive,peak,15,356,1,1,1,1575
2026-09-27T02:25:16.893Z,2,reactive,peak,15,371,1,1,1,1695
2026-09-27T02:25:31.513Z,2,reactive,peak,15,385,1,1,1,1840
2026-09-27T02:25:46.033Z,2,reactive,peak,15,400,1,1,1,1935
2026-09-27T02:26:00.630Z,2,reactive,peak,15,414,1,1,1,2030
2026-09-27T02:26:06.192Z,2,reactive,low2,2,420,1,1,1,2047
2026-09-27T02:26:20.813Z,2,reactive,low2,2,435,1,1,1,1957
2026-09-27T02:26:35.260Z,2,reactive,low2,2,449,1,1,1,1881
2026-09-27T02:26:49.951Z,2,reactive,low2,2,464,1,1,1,1809
2026-09-27T02:27:04.551Z,2,reactive,low2,2,478,4,1,1,1751
2026-09-27T02:27:19.095Z,2,reactive,low2,2,493,4,1,1,1675
2026-09-27T02:27:33.606Z,2,reactive,low2,2,508,4,1,1,1561
2026-09-27T02:27:48.204Z,2,reactive,low2,2,522,4,2,1,1442
2026-09-27T02:28:02.747Z,2,reactive,low2,2,537,4,4,1,1125
2026-09-27T02:28:17.382Z,2,reactive,low2,2,551,4,4,1,673
2026-09-27T02:28:31.930Z,2,reactive,low2,2,566,4,4,1,247
2026-09-27T02:28:46.465Z,2,reactive,low2,2,580,4,4,1,0
2026-09-27T02:29:01.084Z,2,reactive,low2,2,595,4,4,1,0
2026-09-27T02:29:15.575Z,2,reactive,low2,2,610,4,4,1,0
2026-09-27T02:29:30.225Z,2,reactive,low2,2,624,4,4,1,0
2026-09-27T02:29:44.909Z,2,reactive,low2,2,639,4,4,1,0
2026-09-27T02:29:59.577Z,2,reactive,low2,2,653,4,4,1,0
2026-09-27T02:30:14.033Z,2,reactive,low2,2,668,4,4,1,0
2026-09-27T02:30:28.586Z,2,reactive,low2,2,682,4,4,1,0
2026-09-27T02:30:43.298Z,2,reactive,low2,2,697,4,4,1,0
2026-09-27T02:30:58.070Z,2,reactive,low2,2,712,4,4,1,0
2026-09-27T02:31:12.740Z,3,hybrid,low1,2,7,1,4,1,0
2026-09-27T02:31:27.413Z,3,hybrid,low1,2,21,3,1,3,0
2026-09-27T02:31:42.334Z,3,hybrid,low1,2,36,3,1,3,0
2026-09-27T02:31:56.902Z,3,hybrid,low1,2,51,3,2,3,0
2026-09-27T02:32:11.601Z,3,hybrid,low1,2,65,3,3,3,0
2026-09-27T02:32:26.249Z,3,hybrid,low1,2,80,3,3,3,0
2026-09-27T02:32:40.880Z,3,hybrid,low1,2,95,3,3,3,0
2026-09-27T02:32:55.999Z,3,hybrid,low1,2,109,3,3,3,0
2026-09-27T02:33:06.700Z,3,hybrid,peak,15,120,3,3,3,0
2026-09-27T02:33:21.355Z,3,hybrid,peak,15,135,3,3,3,0
2026-09-27T02:33:36.449Z,3,hybrid,peak,15,150,3,3,3,0
2026-09-27T02:33:51.110Z,3,hybrid,peak,15,165,3,3,3,0
2026-09-27T02:34:05.916Z,3,hybrid,peak,15,180,3,3,3,0
2026-09-27T02:34:21.341Z,3,hybrid,peak,15,194,3,3,3,0
2026-09-27T02:34:37.828Z,3,hybrid,peak,15,210,3,3,3,0
2026-09-27T02:34:55.906Z,3,hybrid,peak,15,226,3,3,3,0
2026-09-27T02:35:11.925Z,3,hybrid,peak,15,244,3,3,3,0
2026-09-27T02:35:26.687Z,3,hybrid,peak,15,260,3,3,3,0
2026-09-27T02:35:41.290Z,3,hybrid,peak,15,275,3,3,3,0
2026-09-27T02:35:56.014Z,3,hybrid,peak,15,290,3,3,3,0
2026-09-27T02:36:10.799Z,3,hybrid,peak,15,304,3,3,3,0
2026-09-27T02:36:25.375Z,3,hybrid,peak,15,319,3,3,3,0
2026-09-27T02:36:40.103Z,3,hybrid,peak,15,334,3,3,3,0
2026-09-27T02:36:54.810Z,3,hybrid,peak,15,349,3,3,3,0
2026-09-27T02:37:09.352Z,3,hybrid,peak,15,363,3,3,3,0
2026-09-27T02:37:24.031Z,3,hybrid,peak,15,378,3,3,3,0
2026-09-27T02:37:39.248Z,3,hybrid,peak,15,392,3,3,3,0
2026-09-27T02:37:54.167Z,3,hybrid,peak,15,408,3,3,3,0
2026-09-27T02:38:06.398Z,3,hybrid,low2,2,420,3,3,3,0
2026-09-27T02:38:21.081Z,3,hybrid,low2,2,435,3,3,1,0
2026-09-27T02:38:35.779Z,3,hybrid,low2,2,450,3,3,1,0
2026-09-27T02:38:50.604Z,3,hybrid,low2,2,464,3,3,1,0
2026-09-27T02:39:05.922Z,3,hybrid,low2,2,479,3,3,1,0
2026-09-27T02:39:20.994Z,3,hybrid,low2,2,494,3,3,1,0
2026-09-27T02:39:35.758Z,3,hybrid,low2,2,509,3,3,1,0
2026-09-27T02:39:50.800Z,3,hybrid,low2,2,524,3,3,1,0
2026-09-27T02:40:05.791Z,3,hybrid,low2,2,539,3,3,1,0
2026-09-27T02:40:21.184Z,3,hybrid,low2,2,554,3,3,1,0
2026-09-27T02:40:39.698Z,3,hybrid,low2,2,570,3,3,1,0
2026-09-27T02:40:55.968Z,3,hybrid,low2,2,588,3,3,1,0
2026-09-27T02:41:10.750Z,3,hybrid,low2,2,604,3,3,1,0
2026-09-27T02:41:25.650Z,3,hybrid,low2,2,619,3,3,1,0
2026-09-27T02:41:40.698Z,3,hybrid,low2,2,634,3,3,1,0
2026-09-27T02:41:55.514Z,3,hybrid,low2,2,649,3,3,1,0
2026-09-27T02:42:10.248Z,3,hybrid,low2,2,664,3,3,1,0
2026-09-27T02:42:25.067Z,3,hybrid,low2,2,679,3,3,1,0
2026-09-27T02:42:40.533Z,3,hybrid,low2,2,693,3,3,1,0
2026-09-27T02:42:55.715Z,3,hybrid,low2,2,709,3,3,1,0
